FID,Id,x,y
0,0,112.969420752000005,28.204081161500000
1,0,112.969319005000003,28.204089022900000
2,0,112.969217256999997,28.204096884399998
3,0,112.969115443999996,28.204103431600000
4,0,112.969013419000007,28.204105695900001
5,0,112.968911392999999,28.204107960100000
6,0,112.968809367000006,28.204110224400001
7,0,112.968707342000002,28.204112488600000
8,0,112.966678311999999,28.204113068700000
9,0,112.966576410000002,28.204118582700001
10,0,112.966474508000005,28.204124096600001
11,0,112.966372605999993,28.204129610599999
12,0,112.966270704999999,28.204135124600000
13,0,112.966168803000002,28.204140638500000
14,0,112.966067131000003,28.204148325100000
15,0,112.965966327999993,28.204164233899998
16,0,112.965865523999994,28.204180142599999
17,0,112.965764720999999,28.204196051299999
18,0,112.965663918000004,28.204211960100000
19,0,112.965563114999995,28.204227868800000
20,0,112.965462642000006,28.204245688499999
21,0,112.965362356000000,28.204264584200001
22,0,112.965262069999994,28.204283479899999
23,0,112.965161784000003,28.204302375600001
24,0,112.965061496999994,28.204321271400001
25,0,112.964960125000005,28.204332703599999
26,0,112.964958049000003,28.204418726699998
27,0,112.964975167999995,28.204519331400000
28,0,112.964992287000001,28.204619936099999
29,0,112.965009406999997,28.204720540899999
30,0,112.965026526000003,28.204821145600000
31,0,112.965043644999994,28.204921750299999
32,0,112.965060823000002,28.205022344800000
33,0,112.965078323000000,28.205122883900000
34,0,112.965095824000002,28.205223423000000
35,0,112.965113324000001,28.205323962100000
36,0,112.965130823999999,28.205424501300001
37,0,112.965148325000001,28.205525040400001
38,0,112.965165825000000,28.205625579500001
39,0,112.965183324999998,28.205726118600001
40,0,112.965200824999997,28.205826657700001
41,0,112.965218325999999,28.205927196800001
42,0,112.965235825999997,28.206027735900001
43,0,112.965253325999996,28.206128275099999
44,0,112.965270826999998,28.206228814199999
45,0,112.965288326999996,28.206329353299999
46,0,112.965305826999995,28.206429892399999
47,0,112.965323326999993,28.206530431499999
48,0,112.965340827999995,28.206630970599999
49,0,112.965358327999994,28.206731509699999
50,0,112.965375828000006,28.206832048900001
51,0,112.967510824000001,28.204110442499999
52,0,112.967408773000002,28.204110220099999
53,0,112.967306722999993,28.204109997700002
54,0,112.967204671999994,28.204109775199999
55,0,112.967102621999999,28.204109552799999
56,0,112.967000571000000,28.204109330400001
57,0,112.966898520000001,28.204109108000001
58,0,112.966796470000006,28.204108885600000
59,0,112.967569295000004,28.204173349400001
60,0,112.967568333000003,28.204275395700002
61,0,112.967567371000001,28.204377441999998
62,0,112.968224591999999,28.204111998100000
63,0,112.968122541000000,28.204111775699999
64,0,112.968020491000004,28.204111553299999
65,0,112.967918440000005,28.204111330900002
66,0,112.967816389999996,28.204111108399999
67,0,112.967714338999997,28.204110885999999
68,0,112.967612287999998,28.204110663600002
69,0,112.968256085999997,28.204171598999999
70,0,112.968249478999994,28.204273435699999
71,0,112.968242871000001,28.204375272400000
72,0,112.968673160999998,28.204112975699999
73,0,112.968571109999999,28.204112753299999
74,0,112.968469060000004,28.204112530900002
75,0,112.968367009000005,28.204112308500001
76,0,112.968264958000006,28.204112086100000
77,0,112.967663729999998,28.204447297100000
78,0,112.967765727000000,28.204450623700001
79,0,112.967867724000001,28.204453950200001
80,0,112.967969719999999,28.204457276700001
81,0,112.968071717000001,28.204460603200001
82,0,112.968173712999999,28.204463929799999
83,0,112.967566376999997,28.204482877699999
84,0,112.967565414000006,28.204584923999999
85,0,112.967636608000007,28.204618182200001
86,0,112.967738584000003,28.204622094499999
87,0,112.967840558999995,28.204626006700000
88,0,112.967942535000006,28.204629918999998
89,0,112.968044511000002,28.204633831199999
90,0,112.968146486999999,28.204637743399999
91,0,112.968259807999999,28.204466737600001
92,0,112.968361803999997,28.204470064199999
93,0,112.968463800999999,28.204473390699999
94,0,112.968565798000000,28.204476717199999
95,0,112.968667793999998,28.204480043699999
96,0,112.968769791000000,28.204483370300000
97,0,112.968230618000007,28.204564133600002
98,0,112.968770210000002,28.204458462400002
99,0,112.968756937999999,28.204357278400000
100,0,112.968743665000005,28.204256094300000
101,0,112.968706612999995,28.204161744499999
102,0,112.968274050999995,28.204642637399999
103,0,112.968376027000005,28.204646549600000
104,0,112.968478003000001,28.204650461899998
105,0,112.968579978999998,28.204654374099999
106,0,112.968681954000004,28.204658286299999
107,0,112.968783930000001,28.204662198600001
108,0,112.968242785000001,28.204728084999999
109,0,112.968262445999997,28.204828224200000
110,0,112.968282106000004,28.204928363299999
111,0,112.968301765999996,28.205028502499999
112,0,112.968785370999996,28.204574042800001
113,0,112.969704159000003,28.204850096900000
114,0,112.969681989999998,28.204750483000002
115,0,112.969659821999997,28.204650869100000
116,0,112.969637653000007,28.204551255199998
117,0,112.969615485000006,28.204451641399999
118,0,112.969593199000002,28.204352055200001
119,0,112.969568111000001,28.204253136300000
120,0,112.969543023000000,28.204154217399999
121,0,112.968732164000002,28.204944501400000
122,0,112.968755045999998,28.204845048900001
123,0,112.968777927000005,28.204745596399999
124,0,112.968744987999997,28.204962500699999
125,0,112.968847037000003,28.204961904400001
126,0,112.968949086999999,28.204961308000001
127,0,112.969051136000004,28.204960711700000
128,0,112.969153184999996,28.204960115399999
129,0,112.969255234000002,28.204959518999999
130,0,112.969355418999996,28.204943285700001
131,0,112.969454749999997,28.204919880700000
132,0,112.969554080999998,28.204896475700000
133,0,112.969653410999996,28.204873070600001
134,0,112.968681270999994,28.204971233500000
135,0,112.968580918000001,28.204989774300000
136,0,112.968480565999997,28.205008315200001
137,0,112.968380214000007,28.205026856000000
138,0,112.968287070000002,28.205058765099999
139,0,112.968216440000006,28.205132425300000
140,0,112.968126780999995,28.205168944299999
141,0,112.968025737000005,28.205183240299998
142,0,112.967924691999997,28.205197536400000
143,0,112.967823648000007,28.205211832400000
144,0,112.967722602999999,28.205226128400000
145,0,112.967621558999994,28.205240424500001
146,0,112.967520501999999,28.205254625199998
147,0,112.967419171000003,28.205266725200001
148,0,112.967317840000007,28.205278825200001
149,0,112.967216508999996,28.205290925200000
150,0,112.966760502000000,28.205139412400001
151,0,112.966773551000003,28.205038199299999
152,0,112.966797083000003,28.204939569600000
153,0,112.966832557000004,28.204843882799999
154,0,112.966832272999994,28.204743932100001
155,0,112.966820294000001,28.204642586700000
156,0,112.966808314999994,28.204541241400001
157,0,112.966796336000002,28.204439896099998
158,0,112.966784356999995,28.204338550799999
159,0,112.966772378000002,28.204237205500000
160,0,112.966760398999995,28.204135860099999
161,0,112.968742958000007,28.205161156799999
162,0,112.968734369000003,28.205059493400000
163,0,112.968756115000005,28.205234702100000
164,0,112.968856829000003,28.205218241600001
165,0,112.968957544000006,28.205201781200000
166,0,112.969058258000004,28.205185320799998
167,0,112.969158973000006,28.205168860299999
168,0,112.969259687999994,28.205152399900001
169,0,112.969360402000007,28.205135939400002
170,0,112.969461116999994,28.205119479000000
171,0,112.967123217999998,28.205292269299999
172,0,112.967026500000003,28.205259714000000
173,0,112.966929781000005,28.205227158600000
174,0,112.966833062000006,28.205194603300001
175,0,112.967146760999995,28.205320879999999
176,0,112.967156552999995,28.205422459899999
177,0,112.967166344999995,28.205524039899998
178,0,112.967176136999996,28.205625619900001
179,0,112.967185928999996,28.205727199900000
180,0,112.967206695000002,28.205827062800001
181,0,112.967228367999994,28.205926785599999
182,0,112.968751972000007,28.205242160299999
183,0,112.968667483000004,28.205344684200000
184,0,112.968565776000005,28.205353059400000
185,0,112.968464069000007,28.205361434699999
186,0,112.968362362999997,28.205369809899999
187,0,112.968260655999998,28.205378185200001
188,0,112.968158950000003,28.205386560400001
189,0,112.968057243000004,28.205394935699999
190,0,112.967955536999995,28.205403310900000
191,0,112.967853829999996,28.205411686100000
192,0,112.967752122999997,28.205420061400002
193,0,112.967662355000002,28.205468479499999
194,0,112.967572668000003,28.205517167099998
195,0,112.967482980000000,28.205565854700001
196,0,112.967448242000003,28.205641020500000
197,0,112.967466049999999,28.205741505599999
198,0,112.967465005999998,28.205832512600001
199,0,112.967432205999998,28.205906415699999
200,0,112.969802563000002,28.205257804500000
201,0,112.969778340000005,28.205158670199999
202,0,112.969754116000004,28.205059536000000
203,0,112.969729892999993,28.204960401699999
204,0,112.969706596999998,28.204861051000002
205,0,112.969725428000004,28.205365827400001
206,0,112.969623893000005,28.205376070000000
207,0,112.969522357000002,28.205386312600002
208,0,112.969420600000007,28.205394037400001
209,0,112.969318838000007,28.205401715200001
210,0,112.969217076999996,28.205409393000000
211,0,112.969115314999996,28.205417070799999
212,0,112.969013552999996,28.205424748599999
213,0,112.968911792000000,28.205432426400002
214,0,112.968810030000000,28.205440104200001
215,0,112.968766975999998,28.205376987200001
216,0,112.970085777999998,28.205535791799999
217,0,112.969986130999999,28.205513771100001
218,0,112.969886485000004,28.205491750499998
219,0,112.969840852000004,28.205414504899998
220,0,112.970152696000000,28.205508195600000
221,0,112.970169181000003,28.205407485199999
222,0,112.970185666999996,28.205306774699999
223,0,112.970199273999995,28.205205666900000
224,0,112.970210684999998,28.205104256100000
225,0,112.970222096000001,28.205002845300001
226,0,112.970233508000007,28.204901434400000
227,0,112.970244918999995,28.204800023600001
228,0,112.970256329999998,28.204698612800001
229,0,112.970267742000004,28.204597201999999
230,0,112.970280717999998,28.204496027200001
231,0,112.970299721000004,28.204395761099999
232,0,112.970318723000005,28.204295495099998
233,0,112.970337725999997,28.204195229100002
234,0,112.970356727999999,28.204094963100001
235,0,112.970375731000004,28.203994696999999
236,0,112.970394733000006,28.203894430999998
237,0,112.970311929000005,28.203906262600000
238,0,112.970213951000005,28.203934803100001
239,0,112.970115972000002,28.203963343500000
240,0,112.970016099999995,28.203983993200001
241,0,112.969915838999995,28.204003024700000
242,0,112.969815578999999,28.204022056300001
243,0,112.969715317999999,28.204041087899999
244,0,112.969615058000002,28.204060119499999
245,0,112.968772267999995,28.205776756599999
246,0,112.968802112000006,28.205679167100001
247,0,112.968809680000007,28.205581062200000
248,0,112.968784381000006,28.205482196900000
249,0,112.968830840999999,28.205777130600001
250,0,112.968932152999997,28.205764879099998
251,0,112.967979057999997,28.205840801499999
252,0,112.968080446000002,28.205829185199999
253,0,112.968181833000003,28.205817568899999
254,0,112.968283220999993,28.205805952599999
255,0,112.968384608999997,28.205794336299999
256,0,112.968486244999994,28.205785242299999
257,0,112.968587944999996,28.205776783400001
258,0,112.968689506999993,28.205772889399999
259,0,112.969128226999999,28.205853267799998
260,0,112.969224507999996,28.205819439399999
261,0,112.969320788999994,28.205785611000000
262,0,112.969417070000006,28.205751782499998
263,0,112.969513351000003,28.205717954099999
264,0,112.969609632000001,28.205684125699999
265,0,112.969709316999996,28.205664215999999
266,0,112.969106312999997,28.205860272599999
267,0,112.969004365999993,28.205864863399999
268,0,112.968902417999999,28.205869454199998
269,0,112.968800470999994,28.205874045000002
270,0,112.968766685000006,28.205814548100001
271,0,112.967717816999993,28.205871590299999
272,0,112.967819102999997,28.205859128099998
273,0,112.967436847000002,28.205907176499998
274,0,112.967538089000001,28.205894353700000
275,0,112.967639331000001,28.205881530900001
276,0,112.967451929999996,28.206000481499999
277,0,112.967521935999997,28.206027911400000
278,0,112.967622453999994,28.206010288600002
279,0,112.967292705999995,28.205925432699999
280,0,112.967393947999994,28.205912609900000
281,0,112.967653388000002,28.205940809700000
282,0,112.970036888999999,28.206260309099999
283,0,112.970052366000004,28.206159438600000
284,0,112.970067842000006,28.206058568200000
285,0,112.970083318999997,28.205957697700001
286,0,112.970098793999995,28.205856827000002
287,0,112.970114268000003,28.205755956099999
288,0,112.970129741999997,28.205655085299998
289,0,112.970145215000002,28.205554214399999
290,0,112.969934272000003,28.206311591199999
291,0,112.969832797999999,28.206322432099999
292,0,112.969731324999998,28.206333272999998
293,0,112.969629850999993,28.206344113800000
294,0,112.969528378000007,28.206354954700000
295,0,112.969426905000006,28.206365795600000
296,0,112.969325431000001,28.206376636500000
297,0,112.969228035000000,28.206382775900000
298,0,112.969205294999995,28.206283290799998
299,0,112.969182556000007,28.206183805700000
300,0,112.969159816000001,28.206084320599999
301,0,112.969137076999999,28.205984835599999
302,0,112.969114336999993,28.205885350500001
303,0,112.969153499000001,28.206396827100001
304,0,112.969052165999997,28.206408909099999
305,0,112.968950832999994,28.206420991100000
306,0,112.968849500000005,28.206433073100001
307,0,112.969023578999995,28.206442243500000
308,0,112.969034723999997,28.206543684000000
309,0,112.969045867999995,28.206645124500000
310,0,112.969057012999997,28.206746565000000
311,0,112.968737047000005,28.206446481000000
312,0,112.968635712999998,28.206458563000002
313,0,112.968785242999999,28.206532078700000
314,0,112.968793754000004,28.206633774000000
315,0,112.968802264999994,28.206735469300000
316,0,112.968810775999998,28.206837164600000
317,0,112.968648703000000,28.206369296500000
318,0,112.968675040999997,28.206270702899999
319,0,112.968701378999995,28.206172109299999
320,0,112.968727716000004,28.206073515700002
321,0,112.968749614000004,28.205974096700000
322,0,112.968621268000007,28.206460284999999
323,0,112.968519932999996,28.206472355799999
324,0,112.968418599000003,28.206484426599999
325,0,112.968317975999994,28.206501164399999
326,0,112.968217652999996,28.206519864800001
327,0,112.968117331000002,28.206538565199999
328,0,112.968017008000004,28.206557265600001
329,0,112.968402960999995,28.206546927500000
330,0,112.968427125000005,28.206646076399998
331,0,112.968451287999997,28.206745225300001
332,0,112.968475452000007,28.206844374100001
333,0,112.968499614999999,28.206943523000000
334,0,112.968523778999995,28.207042671899998
335,0,112.967972083000006,28.206514511999998
336,0,112.967963544000000,28.206412819000001
337,0,112.967955004999993,28.206311125999999
338,0,112.967946466000001,28.206209433100000
339,0,112.967937926999994,28.206107740099998
340,0,112.967929388000002,28.206006047100001
341,0,112.967920848999995,28.205904354200001
342,0,112.967931570000005,28.206573191400000
343,0,112.967831247000007,28.206591891799999
344,0,112.967730923999994,28.206610592200001
345,0,112.967718102000006,28.206510968800000
346,0,112.967706593000003,28.206409569000002
347,0,112.967695082999995,28.206308169200000
348,0,112.967683574000006,28.206206769400001
349,0,112.967672065000002,28.206105369700001
350,0,112.967660555999998,28.206003969899999
351,0,112.967629467999998,28.206629503900000
352,0,112.967528956999999,28.206647027199999
353,0,112.967427806000003,28.206660543700000
354,0,112.967326654000004,28.206674063700000
355,0,112.967225502999995,28.206687583800001
356,0,112.967123993000001,28.206697884099999
357,0,112.967213467999997,28.206768145900000
358,0,112.967233979000000,28.206868114100001
359,0,112.967254491000006,28.206968082300001
360,0,112.967275002999997,28.207068050499998
361,0,112.967295515000004,28.207168018699999
362,0,112.967316026999995,28.207267986900000
363,0,112.967336539000001,28.207367955100001
364,0,112.967357050000004,28.207467923199999
365,0,112.967377561999996,28.207567891400000
366,0,112.967091754999998,28.206601495400001
367,0,112.967082747000006,28.206499843000000
368,0,112.967073739000000,28.206398190500000
369,0,112.967064730000004,28.206296538000000
370,0,112.967055721999998,28.206194885500000
371,0,112.967046714000006,28.206093233000001
372,0,112.967037705999999,28.205991580599999
373,0,112.967082693999998,28.205937865799999
374,0,112.967184697999997,28.205934769199999
375,0,112.967043781000001,28.206705058600001
376,0,112.966942136000000,28.206714150200000
377,0,112.966840490999999,28.206723241700001
378,0,112.966738845999998,28.206732333300000
379,0,112.966647370000004,28.206728298600002
380,0,112.966630778999999,28.206627605600001
381,0,112.966614187000005,28.206526912499999
382,0,112.966597594999996,28.206426219499999
383,0,112.966607353000001,28.206744094600001
384,0,112.966505708000000,28.206753186200000
385,0,112.966404061999995,28.206762277700001
386,0,112.966302416999994,28.206771369300000
387,0,112.966200771999993,28.206780460899999
388,0,112.966119945000003,28.206757552100001
389,0,112.966087064000007,28.206660943700001
390,0,112.966054181999993,28.206564335300001
391,0,112.966051780000001,28.206464313200001
392,0,112.966062472999994,28.206362824100001
393,0,112.966078472999996,28.206262698400000
394,0,112.966118021000000,28.206168622200000
395,0,112.966157573000004,28.206074547499998
396,0,112.966197125999997,28.205980473600000
397,0,112.966249808000001,28.205894165400000
398,0,112.966313204000002,28.205814194700000
399,0,112.966376600000004,28.205734224099999
400,0,112.966439996999995,28.205654253500001
401,0,112.966497567999994,28.205570108200000
402,0,112.966552935999999,28.205484383200002
403,0,112.966608304000005,28.205398658299998
404,0,112.966663671999996,28.205312933300000
405,0,112.966719040000001,28.205227208299998
406,0,112.966097511000001,28.206790825199999
407,0,112.965996239000006,28.206803410799999
408,0,112.965894968000001,28.206815996400000
409,0,112.965793696000006,28.206828582100002
410,0,112.965692423999997,28.206841167699999
411,0,112.965591141999994,28.206853664699999
412,0,112.965489594999994,28.206863790700002
413,0,112.965388047999994,28.206873916599999
414,0,112.965401592000006,28.206969822700000
415,0,112.965420905000002,28.207070029299999
416,0,112.965440219000001,28.207170235800000
417,0,112.965459533000001,28.207270442399999
418,0,112.965478845999996,28.207370649000001
419,0,112.965498159999996,28.207470855499999
420,0,112.965517473999995,28.207571062100001
421,0,112.965536787000005,28.207671268599999
422,0,112.965556101000004,28.207771475200001
423,0,112.965575415000004,28.207871681800000
424,0,112.965594727999999,28.207971888300001
425,0,112.965614041999999,28.208072094900000
426,0,112.965633355999998,28.208172301499999
427,0,112.965652668999994,28.208272508000000
428,0,112.965671982999993,28.208372714599999
429,0,112.965691297000006,28.208472921100000
430,0,112.965710610000002,28.208573127699999
431,0,112.965729924000001,28.208673334299998
432,0,112.965749238000001,28.208773540799999
433,0,112.965827149999996,28.208795690100001
434,0,112.965928765000001,28.208786266200001
435,0,112.966030380000007,28.208776842199999
436,0,112.966131637000004,28.208764252000002
437,0,112.966232794999996,28.208750785700001
438,0,112.966333954999996,28.208737328500000
439,0,112.966435114999996,28.208723872099998
440,0,112.966536274999996,28.208710415599999
441,0,112.968612514000000,28.207085184699999
442,0,112.968714071999997,28.207075158700000
443,0,112.968815629000005,28.207065132699999
444,0,112.968917185999999,28.207055106700000
445,0,112.968547932999996,28.207141781800001
446,0,112.968569121000002,28.207241607800000
447,0,112.968590250999995,28.207341447099999
448,0,112.969149818999995,28.207403510799999
449,0,112.969153496000004,28.207301526300000
450,0,112.969157172999999,28.207199541700000
451,0,112.969160849999994,28.207097557099999
452,0,112.969164527000004,28.206995572600000
453,0,112.969168203999999,28.206893588000000
454,0,112.969171880999994,28.206791603399999
455,0,112.969250517000006,28.206727323300001
456,0,112.969330205000006,28.206663572699998
457,0,112.969321377000000,28.206563278400001
458,0,112.969309870999993,28.206461878300001
459,0,112.969168238999998,28.207418272300000
460,0,112.969270269999996,28.207420278000001
461,0,112.969372301000007,28.207422283700001
462,0,112.969474332000004,28.207424289399999
463,0,112.969576363000002,28.207426295200001
464,0,112.969678395000003,28.207428300899998
465,0,112.969780426000000,28.207430306599999
466,0,112.969882454000000,28.207432429099999
467,0,112.969984478000001,28.207434786200000
468,0,112.970086500999997,28.207437143300002
469,0,112.969190959000002,28.207459062100000
470,0,112.969263552000001,28.207530788600000
471,0,112.969336143999996,28.207602515100000
472,0,112.969403134999993,28.207679075200002
473,0,112.969463454999996,28.207761390600002
474,0,112.969523776000003,28.207843705999998
475,0,112.969584096000006,28.207926021399999
476,0,112.969644415999994,28.208008336799999
477,0,112.968703280000000,28.207415089800001
478,0,112.968804509999998,28.207402169100000
479,0,112.968905771999999,28.207392265500001
480,0,112.969007262999995,28.207402948700000
481,0,112.969108753000000,28.207413631900000
482,0,112.968621060000004,28.207487157399999
483,0,112.968642144000000,28.207587006600001
484,0,112.968663227999997,28.207686855700000
485,0,112.968684311999993,28.207786704800000
486,0,112.968705395000001,28.207886553900000
487,0,112.970108718999995,28.207347284899999
488,0,112.970085471999994,28.207247917099998
489,0,112.970062225000007,28.207148549399999
490,0,112.970038977000002,28.207049181700000
491,0,112.970019672000006,28.206949392700000
492,0,112.970021392000007,28.206847356400001
493,0,112.970023112999996,28.206745320000000
494,0,112.970024832999997,28.206643283700000
495,0,112.970026554000000,28.206541247400001
496,0,112.970028274000001,28.206439211100001
497,0,112.970029995000004,28.206337174700000
498,0,112.966192711999994,28.207378276299998
499,0,112.966172990999993,28.207278149200000
500,0,112.966156038999998,28.207177658199999
501,0,112.966149229999999,28.207075834899999
502,0,112.966142419999997,28.206974011500002
503,0,112.966135609999995,28.206872188100000
504,0,112.966221926000003,28.207441963200001
505,0,112.966323688000003,28.207434300500001
506,0,112.966425451000006,28.207426637899999
507,0,112.966527213999996,28.207418975200000
508,0,112.966628976999999,28.207411312600001
509,0,112.966730738999999,28.207403650000000
510,0,112.966832608999994,28.207397775299999
511,0,112.966934558000005,28.207393217500002
512,0,112.967036507000003,28.207388659799999
513,0,112.967106799000007,28.207429570399999
514,0,112.967137902999994,28.207526765699999
515,0,112.967851331999995,28.207436023600000
516,0,112.967826822000006,28.207336959900001
517,0,112.967802311000000,28.207237896199999
518,0,112.967777800999997,28.207138832500000
519,0,112.967753290000005,28.207039768900000
520,0,112.967766558999998,28.206939170999998
521,0,112.967782955999994,28.206838446100001
522,0,112.967762226000005,28.206739364000001
523,0,112.967736995999999,28.206640481099999
524,0,112.967922649000002,28.207426654999999
525,0,112.968021292000003,28.207400502599999
526,0,112.967662602000004,28.207468221399999
527,0,112.967637870999994,28.207369212700002
528,0,112.967613138999994,28.207270204000000
529,0,112.967588407999997,28.207171195200001
530,0,112.967563677000001,28.207072186500000
531,0,112.967538945000001,28.206973177700000
532,0,112.967514214000005,28.206874168999999
533,0,112.967489482000005,28.206775160300001
534,0,112.967464750999994,28.206676151500002
535,0,112.967747849999995,28.207472997899998
536,0,112.967846492999996,28.207446845600000
537,0,112.967689390999993,28.207586435400000
538,0,112.967711240000000,28.207686119500000
539,0,112.967744843999995,28.207765847000001
540,0,112.967843888999994,28.207741261399999
541,0,112.967942934000007,28.207716675699999
542,0,112.968041979000006,28.207692090100000
543,0,112.968141024000005,28.207667504400000
544,0,112.968240069000004,28.207642918800001
545,0,112.968339114000003,28.207618333100001
546,0,112.968408902999997,28.207641709299999
547,0,112.968432367999995,28.207741025699999
548,0,112.968455832999993,28.207840342099999
549,0,112.968479298999995,28.207939658499999
550,0,112.967472987999997,28.207545869600001
551,0,112.967571630999998,28.207519717299999
552,0,112.967378314000001,28.207572296799999
553,0,112.967387212999995,28.207673958899999
554,0,112.967396191000006,28.207775613999999
555,0,112.967407148999996,28.207877056800001
556,0,112.967169096999996,28.207614573400001
557,0,112.967269001999995,28.207593755000001
558,0,112.967368906999994,28.207572936500000
559,0,112.967183581000000,28.207706088500000
560,0,112.967202749999998,28.207806322900002
561,0,112.967221918999996,28.207906557299999
562,0,112.967241250000001,28.208006556400001
563,0,112.967341774000005,28.207988971199999
564,0,112.968711013000004,28.207917863700001
565,0,112.968727870999999,28.208018512399999
566,0,112.968744729999997,28.208119161100001
567,0,112.968761588999996,28.208219809799999
568,0,112.968778447000005,28.208320458500001
569,0,112.968795306000004,28.208421107200000
570,0,112.968545716999998,28.207929561099998
571,0,112.968645519999995,28.207908262699998
572,0,112.967424446999999,28.208014038599998
573,0,112.967437204000007,28.208115288999998
574,0,112.968363834000002,28.207968375699998
575,0,112.968463638000003,28.207947077200000
576,0,112.968322815999997,28.208063771700001
577,0,112.968334792999997,28.208165117400000
578,0,112.968346768999993,28.208266463000001
579,0,112.967046647999993,28.207970784800001
580,0,112.967026993999994,28.207870644400000
581,0,112.967007339999995,28.207770503999999
582,0,112.966987687000000,28.207670363599998
583,0,112.967066959999997,28.207635857000000
584,0,112.967059398000004,28.208035652900001
585,0,112.967081824000005,28.208135209200002
586,0,112.967104250000006,28.208234765400000
587,0,112.967126676000007,28.208334321700001
588,0,112.967149101999993,28.208433877899999
589,0,112.967171527999994,28.208533434200000
590,0,112.967193953999995,28.208632990500000
591,0,112.968145109999995,28.208015052299999
592,0,112.968244913000007,28.207993753899999
593,0,112.968055829999997,28.208067437099999
594,0,112.968079306999996,28.208166750699998
595,0,112.968102783999996,28.208266064299998
596,0,112.967473971000004,28.208158276100001
597,0,112.967573774000002,28.208136977599999
598,0,112.967673578000003,28.208115679100001
599,0,112.967773382000004,28.208094380599999
600,0,112.967873185000002,28.208073082100000
601,0,112.967972989000003,28.208051783700000
602,0,112.967446808000005,28.208189581399999
603,0,112.967460711000001,28.208290680800001
604,0,112.967474612999993,28.208391780199999
605,0,112.967488901999999,28.208492825600000
606,0,112.967503254999997,28.208593862000001
607,0,112.966384027000004,28.208077554799999
608,0,112.966356380999997,28.207979320100002
609,0,112.966328734000001,28.207881085400000
610,0,112.966301087999994,28.207782850699999
611,0,112.966273442000002,28.207684616000002
612,0,112.966245795999995,28.207586381199999
613,0,112.966218148999999,28.207488146500001
614,0,112.966463875000002,28.208157454100000
615,0,112.966563832999995,28.208136892799999
616,0,112.966663791000002,28.208116331599999
617,0,112.966763748999995,28.208095770300002
618,0,112.966863707000002,28.208075209000000
619,0,112.966963664999994,28.208054647800001
620,0,112.968805535000001,28.208455170299999
621,0,112.968906864999994,28.208443066299999
622,0,112.969008196000004,28.208430962400001
623,0,112.969109525999997,28.208418858500000
624,0,112.969210856999993,28.208406754599999
625,0,112.969312187000000,28.208394650599999
626,0,112.969413517999996,28.208382546700001
627,0,112.969514848000003,28.208370442800000
628,0,112.969616178999999,28.208358338899998
629,0,112.969717509000006,28.208346234899999
630,0,112.969818840000002,28.208334131000001
631,0,112.969920169999995,28.208322027099999
632,0,112.970021501000005,28.208309923200002
633,0,112.970122830999998,28.208297819199998
634,0,112.970224161999994,28.208285715300001
635,0,112.970325492000001,28.208273611399999
636,0,112.970331850999997,28.208204719299999
637,0,112.970294558000006,28.208109726299998
638,0,112.970267707999994,28.208011439100002
639,0,112.970243736000000,28.207912243700001
640,0,112.970219764000007,28.207813048300000
641,0,112.970195791999998,28.207713853000001
642,0,112.970171820000004,28.207614657600001
643,0,112.970148053000003,28.207515413700001
644,0,112.967526862000000,28.208598716899999
645,0,112.967628275999999,28.208587334400001
646,0,112.967729689999999,28.208575952000000
647,0,112.967831103999998,28.208564569600000
648,0,112.967932517999998,28.208553187200000
649,0,112.968033931999997,28.208541804700001
650,0,112.968135345999997,28.208530422300001
651,0,112.968236759999996,28.208519039900001
652,0,112.968338173999996,28.208507657500000
653,0,112.968439587999995,28.208496275000002
654,0,112.968541001999995,28.208484892600001
655,0,112.968642416999998,28.208473510200001
656,0,112.968743830999998,28.208462127800001
657,0,112.967238777999995,28.208631050600001
658,0,112.967340191999995,28.208619668099999
659,0,112.967441605999994,28.208608285699999
660,0,112.966550646000002,28.208669598299998
661,0,112.966522999999995,28.208571363499999
662,0,112.966495352999999,28.208473128800001
663,0,112.966467707000007,28.208374894100000
664,0,112.966440061000000,28.208276659399999
665,0,112.966412414999994,28.208178424700002
666,0,112.966652479000004,28.208696855100001
667,0,112.966753893000003,28.208685472599999
668,0,112.966855307000003,28.208674090199999
669,0,112.966956722000006,28.208662707799999
670,0,112.967058136000006,28.208651325400002
671,0,112.967159550000005,28.208639942900000